Well,X,Y,NTG
201-901,201,901,0.23340766655913675
201-902,201,902,0.23292361511926626
201-903,201,903,0.23016069687463306
201-904,201,904,0.2268010904367759
201-905,201,905,0.2236652168572163
201-906,201,906,0.21822122177152914
201-908,201,908,0.21986515239580645
201-909,201,909,0.24743437685432346
201-910,201,910,0.2602878934959486
201-911,201,911,0.28211722121643
201-912,201,912,0.3136371772115122
201-913,201,913,0.341112936598679
201-915,201,915,0.34218181891036686
201-916,201,916,0.351165466804248
201-917,201,917,0.35422200356295735
201-918,201,918,0.3756701098014889
201-919,201,919,0.38585585688651813
201-920,201,920,0.39885148419676625
201-921,201,921,0.41385311491245624
201-922,201,922,0.4165700244679812
201-923,201,923,0.41828020866912985
201-925,201,925,0.41448528757979175
201-926,201,926,0.4081470002460522
201-927,201,927,0.39231778704625175
201-928,201,928,0.3855262349267662
201-929,201,929,0.38081423399709285
201-930,201,930,0.35354767350376803
202-901,202,901,0.23777872896049382
202-902,202,902,0.23955034403747527
202-903,202,903,0.23327004906680393
202-904,202,904,0.22780404554135575
202-905,202,905,0.22636357146323663
202-906,202,906,0.22524912740632838
202-907,202,907,0.2222127022973631
202-908,202,908,0.22399389145473098
202-909,202,909,0.24152483714256015
202-910,202,910,0.2608994750030184
202-911,202,911,0.2823488666780941
202-912,202,912,0.32050268985809965
202-913,202,913,0.33458278969400607
202-914,202,914,0.33935161342569203
202-915,202,915,0.3362742430551332
202-916,202,916,0.33248853135880213
202-917,202,917,0.3511876424227689
202-918,202,918,0.3549914896964986
202-919,202,919,0.37645967756875404
202-920,202,920,0.39714065957388356
202-921,202,921,0.4138996337781985
202-923,202,923,0.4147659031484034
202-924,202,924,0.41309621968895355
202-926,202,926,0.3977168001784523
202-927,202,927,0.38923222139247765
202-928,202,928,0.37937819501839476
202-929,202,929,0.3519402581895152
202-930,202,930,0.33204128609603417
203-901,203,901,0.2411785789219659
203-903,203,903,0.2343265325969573
203-904,203,904,0.2253681290148225
203-905,203,905,0.22751932176624262
203-907,203,907,0.2162200264437504
203-908,203,908,0.22572802260582886
203-909,203,909,0.24860012868224263
203-910,203,910,0.2567240120967907
203-911,203,911,0.3020392485983321
203-912,203,912,0.3146789314234606
203-913,203,913,0.32713325890539696
203-914,203,914,0.32955049581545315
203-915,203,915,0.3297840187001625
203-916,203,916,0.33067816760264157
203-917,203,917,0.3467607324990593
203-918,203,918,0.3508806194120197
203-919,203,919,0.3461315516282461
203-920,203,920,0.3787975290587529
203-921,203,921,0.4080594564432731
203-922,203,922,0.4089957685172873
203-923,203,923,0.40629543608696966
203-924,203,924,0.40627691375960345
203-925,203,925,0.3991592938911856
203-926,203,926,0.3948929629748587
203-927,203,927,0.385536404690282
203-928,203,928,0.35374021676036776
203-930,203,930,0.3201031941745766
204-901,204,901,0.23689267745762166
204-902,204,902,0.23761622710861266
204-903,204,903,0.22806950699010178
204-905,204,905,0.22302398967335138
204-906,204,906,0.21616386574425353
204-908,204,908,0.22128860372442252
204-909,204,909,0.25501375247444413
204-910,204,910,0.28546643694060403
204-911,204,911,0.3050611552402767
204-912,204,912,0.3096780390239048
204-913,204,913,0.3123036915047629
204-914,204,914,0.32462329410099594
204-915,204,915,0.33736538394065996
204-916,204,916,0.3381907869925601
204-917,204,917,0.3236104877555358
204-918,204,918,0.33229589690279443
204-919,204,919,0.33937234538309113
204-920,204,920,0.34535988071360235
204-921,204,921,0.386611564915254
204-922,204,922,0.39517857180244814
204-923,204,923,0.3906821413895071
204-924,204,924,0.39902241047116216
204-926,204,926,0.38158068408006185
204-927,204,927,0.35977758347068034
204-928,204,928,0.33767445865364065
204-929,204,929,0.31660760815101463
204-930,204,930,0.31114417246667525
205-901,205,901,0.23030610694603085
205-902,205,902,0.22875908549170326
205-903,205,903,0.2242361371204381
205-904,205,904,0.21999533708993288
205-905,205,905,0.21892082394435436
205-906,205,906,0.2100957364136819
205-907,205,907,0.22082865375999303
205-908,205,908,0.24162614469631125
205-909,205,909,0.266579049301797
205-910,205,910,0.2910064068803038
205-912,205,912,0.3040747951793746
205-913,205,913,0.3061874741783753
205-914,205,914,0.3108546041010416
205-915,205,915,0.3256409384506946
205-917,205,917,0.32784835881523017
205-918,205,918,0.32518790746600473
205-919,205,919,0.3319785453677481
205-920,205,920,0.33624712124390527
205-921,205,921,0.3537805850560816
205-922,205,922,0.3565854783682786
205-924,205,924,0.3682269344530511
205-925,205,925,0.3634098878344795
205-926,205,926,0.35619184175346313
205-928,205,928,0.31354930517360974
205-929,205,929,0.3005919803205297
205-930,205,930,0.29888971349814597
206-901,206,901,0.22682335627055072
206-902,206,902,0.22524100729805288
206-903,206,903,0.2225756473656205
206-904,206,904,0.21964373048917535
206-905,206,905,0.2165229892823793
206-906,206,906,0.22031573686051578
206-907,206,907,0.21941959293138874
206-908,206,908,0.24341545945566867
206-909,206,909,0.2722659055731226
206-910,206,910,0.29386761164678854
206-911,206,911,0.3033607631775104
206-913,206,913,0.31172952581831415
206-915,206,915,0.3284657154122331
206-916,206,916,0.3432872014462073
206-917,206,917,0.3282916626349858
206-918,206,918,0.32948113200568735
206-919,206,919,0.3197696942303365
206-920,206,920,0.3275654106872511
206-921,206,921,0.3450098432142319
206-922,206,922,0.3371852277003521
206-923,206,923,0.3658644375827582
206-924,206,924,0.3487842367288442
206-925,206,925,0.34783908297674415
206-926,206,926,0.33355931714324
206-927,206,927,0.32681244304252866
206-928,206,928,0.3011980569569392
206-930,206,930,0.28744700367617754
207-901,207,901,0.24900807091183802
207-902,207,902,0.24699565617813596
207-903,207,903,0.22100124216826147
207-904,207,904,0.2182452613212052
207-905,207,905,0.21441122492756867
207-906,207,906,0.21699455717439334
207-908,207,908,0.24148769908876985
207-909,207,909,0.2849178448691695
207-911,207,911,0.30138458883714675
207-913,207,913,0.3097734734507538
207-914,207,914,0.32869144765169456
207-915,207,915,0.349897507509218
207-916,207,916,0.37075202538106045
207-917,207,917,0.33853426866700914
207-918,207,918,0.32583651434374
207-920,207,920,0.32390831122854613
207-921,207,921,0.3249610690616607
207-922,207,922,0.33133721819062206
207-923,207,923,0.3542401741254663
207-924,207,924,0.34655356583627944
207-925,207,925,0.3376850648199704
207-926,207,926,0.3232607755588415
207-928,207,928,0.2962234896094582
207-929,207,929,0.28757290029834826
208-901,208,901,0.24777581316920397
208-902,208,902,0.2467617978487807
208-903,208,903,0.24486181784344838
208-904,208,904,0.23134862236931047
208-905,208,905,0.22640894577398094
208-906,208,906,0.21840641460398702
208-907,208,907,0.2180916440263655
208-908,208,908,0.24742924806791325
208-909,208,909,0.2805877922873507
208-910,208,910,0.29120847832167573
208-911,208,911,0.3017258477907575
208-912,208,912,0.3060717095651112
208-913,208,913,0.32859086246047176
208-914,208,914,0.3573176924336748
208-916,208,916,0.38647377927012533
208-917,208,917,0.36206936906612064
208-918,208,918,0.33770701998281105
208-920,208,920,0.32123289010367795
208-921,208,921,0.33534673210277693
208-922,208,922,0.3341333441706421
208-923,208,923,0.33944176962807765
208-924,208,924,0.335980997466043
208-926,208,926,0.33238542509563807
208-927,208,927,0.31516679812768356
208-928,208,928,0.2968382246168648
208-929,208,929,0.2952781488208849
208-930,208,930,0.2896679765709893
209-901,209,901,0.2849508775213859
209-902,209,902,0.2721626032762743
209-903,209,903,0.27047834250660596
209-904,209,904,0.2668976776689074
209-905,209,905,0.2611349325540276
209-906,209,906,0.2475258634995269
209-907,209,907,0.24615492245765375
209-908,209,908,0.25576718656565284
209-909,209,909,0.27744141056774557
209-910,209,910,0.2835104758360173
209-911,209,911,0.32872300544131106
209-912,209,912,0.3333134244618885
209-913,209,913,0.3653686305423025
209-914,209,914,0.3953516579601864
209-915,209,915,0.3967459301447195
209-917,209,917,0.37236619589502457
209-918,209,918,0.3523635733797637
209-919,209,919,0.33848664596668443
209-920,209,920,0.3328120392398636
209-921,209,921,0.34177903758698847
209-922,209,922,0.3428455256960234
209-923,209,923,0.35543053395975566
209-924,209,924,0.3456304439456196
209-925,209,925,0.33852219760478
209-926,209,926,0.33282332140018467
209-927,209,927,0.32573039514180285
209-928,209,928,0.3239501491352424
209-929,209,929,0.3098530595054931
209-930,209,930,0.3046071816714343
210-901,210,901,0.29723389325273303
210-902,210,902,0.29628472583028087
210-903,210,903,0.28067959018799993
210-904,210,904,0.27768005685588587
210-905,210,905,0.2832172397144228
210-906,210,906,0.2790530818554693
210-907,210,907,0.2778052946285497
210-908,210,908,0.26388098557799555
210-909,210,909,0.26294698280139367
210-910,210,910,0.31354942537163005
210-911,210,911,0.33807762567818234
210-912,210,912,0.35945777027204906
210-913,210,913,0.38288149620765666
210-915,210,915,0.40111318778124777
210-917,210,917,0.39090467724317435
210-918,210,918,0.3677000354563835
210-919,210,919,0.3582096807244088
210-920,210,920,0.3472877577706681
210-921,210,921,0.34993842245909434
210-922,210,922,0.36205918433698014
210-924,210,924,0.35353075113231186
210-925,210,925,0.350843945209385
210-926,210,926,0.3526208551312982
210-927,210,927,0.34490871160198655
210-928,210,928,0.33707058237994403
210-929,210,929,0.32342178689303575
210-930,210,930,0.31527251847724
211-901,211,901,0.30175937100229455
211-902,211,902,0.30214537380775114
211-903,211,903,0.30219526136267694
211-904,211,904,0.29778094822168166
211-905,211,905,0.2821650552663783
211-906,211,906,0.2722810912238449
211-907,211,907,0.2823989699076137
211-908,211,908,0.27395433498065397
211-909,211,909,0.26475118678020076
211-910,211,910,0.3388129801886122
211-911,211,911,0.344194714139939
211-912,211,912,0.3801531638579046
211-913,211,913,0.39808304193514754
211-915,211,915,0.4020878541911822
211-916,211,916,0.4065636185673761
211-917,211,917,0.39897604670320996
211-918,211,918,0.38477910499601076
211-920,211,920,0.3578256098044568
211-921,211,921,0.3498739718204107
211-922,211,922,0.3495726038990246
211-923,211,923,0.3560903201560683
211-925,211,925,0.3501602400640448
211-926,211,926,0.3549282404196844
211-929,211,929,0.33949304954602394
211-930,211,930,0.3314764841625821
212-901,212,901,0.3343833743062363
212-902,212,902,0.33241353982267036
212-903,212,903,0.3285591597821563
212-906,212,906,0.2830915280313836
212-907,212,907,0.2911049807618884
212-908,212,908,0.29327025897604236
212-909,212,909,0.2969857850044366
212-910,212,910,0.3435289762803748
212-911,212,911,0.3515773212782318
212-912,212,912,0.3850043396233373
212-913,212,913,0.3903204101886208
212-914,212,914,0.3989137771519661
212-915,212,915,0.393432536161354
212-916,212,916,0.3942222814760133
212-917,212,917,0.38665331067437086
212-918,212,918,0.37468295397681134
212-919,212,919,0.36260551924562556
212-920,212,920,0.34819184963226074
212-922,212,922,0.3416464945670417
212-923,212,923,0.3423807491672798
212-924,212,924,0.34784175849414933
212-925,212,925,0.3514855238921617
212-926,212,926,0.3574012349721969
212-927,212,927,0.3480718448172284
212-928,212,928,0.34800505802972004
212-929,212,929,0.3375343858509557
212-930,212,930,0.33264425533072056
213-901,213,901,0.33755954269301497
213-902,213,902,0.33694591200513324
213-903,213,903,0.3362148100276375
213-904,213,904,0.31840062112419504
213-905,213,905,0.29982244129181046
213-906,213,906,0.293212663750622
213-907,213,907,0.2930524506230817
213-908,213,908,0.29299427787349075
213-909,213,909,0.3024685829970297
213-910,213,910,0.3361914279981184
213-911,213,911,0.3453872851036265
213-912,213,912,0.3672019349176145
213-913,213,913,0.37144429999218465
213-914,213,914,0.3895352777050875
213-915,213,915,0.3879760205685965
213-916,213,916,0.3773710939919333
213-917,213,917,0.37198201174342754
213-918,213,918,0.3576149710211046
213-919,213,919,0.3489228271835156
213-920,213,920,0.3435113180248188
213-921,213,921,0.3385010749485883
213-922,213,922,0.3355988968640067
213-923,213,923,0.3235895404841618
213-924,213,924,0.3360756068621718
213-925,213,925,0.34279719713325985
213-926,213,926,0.33873654258575997
213-927,213,927,0.34038991403116414
213-928,213,928,0.33367537478664944
213-929,213,929,0.3302920506025724
213-930,213,930,0.32645031222796334
214-901,214,901,0.34066387688157984
214-902,214,902,0.3410980052771244
214-903,214,903,0.3461474057674298
214-905,214,905,0.3191191469321427
214-906,214,906,0.3007243294191363
214-907,214,907,0.29308292210114867
214-908,214,908,0.2904613555258876
214-909,214,909,0.3013817444696971
214-910,214,910,0.3148527476535428
214-911,214,911,0.3385988222753157
214-912,214,912,0.3650522740567653
214-913,214,913,0.3710760747876579
214-914,214,914,0.37740971502509446
214-915,214,915,0.36686155550414745
214-916,214,916,0.36143417333581873
214-917,214,917,0.36222220221460477
214-919,214,919,0.3449242794331719
214-920,214,920,0.33628290767331614
214-921,214,921,0.3131001080831568
214-922,214,922,0.3138716218552409
214-923,214,923,0.3185343045722436
214-924,214,924,0.29917874749761864
214-925,214,925,0.3183638090748611
214-926,214,926,0.3188457943471724
214-927,214,927,0.3165990079066859
214-928,214,928,0.32964806212034553
214-929,214,929,0.324169590090556
214-930,214,930,0.3181272298719807
215-901,215,901,0.3691754615984801
215-902,215,902,0.3641136975322444
215-903,215,903,0.3467895294241336
215-904,215,904,0.3525625439409338
215-905,215,905,0.35073116532155
215-906,215,906,0.32496602783757633
215-907,215,907,0.305205821413443
215-908,215,908,0.28388802069447144
215-909,215,909,0.29560925270513205
215-911,215,911,0.3107190782407277
215-912,215,912,0.3386395091967201
215-914,215,914,0.3695046569486472
215-915,215,915,0.36364872154210653
215-917,215,917,0.35369979669351453
215-918,215,918,0.35252089736651326
215-919,215,919,0.35036054198832445
215-920,215,920,0.32985963103094723
215-922,215,922,0.308821763263303
215-923,215,923,0.3071361519410529
215-924,215,924,0.2871505561951349
215-925,215,925,0.290064842898895
215-926,215,926,0.30483730053494323
215-927,215,927,0.30326327429645783
215-929,215,929,0.3163144494697281
216-901,216,901,0.38017903222877103
216-903,216,903,0.3854322833738843
216-904,216,904,0.40161977326871384
216-905,216,905,0.37467001511231424
216-906,216,906,0.3460909493623871
216-907,216,907,0.31530657806026047
216-909,216,909,0.28670766924873836
216-910,216,910,0.30183142891235487
216-911,216,911,0.3058041831013266
216-912,216,912,0.32995331601341243
216-913,216,913,0.3539944058475404
216-914,216,914,0.35148613879798546
216-915,216,915,0.35308265639982295
216-916,216,916,0.3655199554888832
216-918,216,918,0.35804957560243184
216-919,216,919,0.35956007570168924
216-921,216,921,0.3252094319234908
216-922,216,922,0.30261459508426125
216-923,216,923,0.29184686765781226
216-924,216,924,0.26846879102785376
216-925,216,925,0.2833474519882202
216-926,216,926,0.283836327224285
216-928,216,928,0.302020498861526
216-929,216,929,0.31532441310131504
216-930,216,930,0.313445688831493
217-901,217,901,0.40345930362987653
217-902,217,902,0.3921535181579346
217-903,217,903,0.40342388418861735
217-904,217,904,0.415364682291835
217-905,217,905,0.39667346740863174
217-906,217,906,0.375313330141453
217-907,217,907,0.31479331700744545
217-908,217,908,0.2963926969957707
217-909,217,909,0.2961560695157057
217-910,217,910,0.2963979735238066
217-911,217,911,0.29834187427276143
217-912,217,912,0.3061806476809468
217-913,217,913,0.3400063905138715
217-914,217,914,0.3425654876793367
217-915,217,915,0.34991265580508496
217-916,217,916,0.3542331779851967
217-917,217,917,0.35902744891293203
217-918,217,918,0.3573784816100171
217-919,217,919,0.3509926796417485
217-920,217,920,0.3491684119891546
217-921,217,921,0.30598329583838163
217-923,217,923,0.2688756242194217
217-924,217,924,0.2659836086624998
217-925,217,925,0.27885767937241074
217-927,217,927,0.29743353750865403
217-928,217,928,0.30676476603979713
217-929,217,929,0.3150667560559491
217-930,217,930,0.3403854022057204
218-901,218,901,0.4145150961046708
218-902,218,902,0.4211440428745204
218-903,218,903,0.424431971829367
218-904,218,904,0.42213179237168036
218-906,218,906,0.3713733501313902
218-907,218,907,0.3389502743424198
218-908,218,908,0.3073803635029553
218-909,218,909,0.2939813776206788
218-910,218,910,0.27917439598212984
218-911,218,911,0.29176071535174963
218-912,218,912,0.2973371524644257
218-913,218,913,0.30929737914344557
218-914,218,914,0.3405727222419481
218-915,218,915,0.349535801527513
218-916,218,916,0.3504149860465076
218-917,218,917,0.36834747763555564
218-918,218,918,0.3706641389505189
218-919,218,919,0.34540465202085396
218-920,218,920,0.3252051830901537
218-921,218,921,0.29546071513684946
218-922,218,922,0.2867333629136287
218-923,218,923,0.26048500587860857
218-924,218,924,0.25698984991601925
218-925,218,925,0.2611601820306897
218-926,218,926,0.27734078029180653
218-927,218,927,0.3019498095591259
218-928,218,928,0.3152064498501665
219-901,219,901,0.4236189820795433
219-904,219,904,0.43002980746701874
219-905,219,905,0.4241379961689818
219-906,219,906,0.36167298594456737
219-908,219,908,0.3075607121250947
219-910,219,910,0.2760307024337467
219-911,219,911,0.2821566195973538
219-912,219,912,0.30851159320602434
219-914,219,914,0.3341849669353529
219-915,219,915,0.34320785280414023
219-916,219,916,0.3497894218927713
219-917,219,917,0.3527841305375418
219-918,219,918,0.37471759415182715
219-919,219,919,0.3424520925218824
219-920,219,920,0.293061035691935
219-921,219,921,0.28576991533496454
219-922,219,922,0.27537813204502565
219-923,219,923,0.26468682068020793
219-925,219,925,0.25415245517364954
219-926,219,926,0.2611237409359998
219-927,219,927,0.290965923353091
219-928,219,928,0.32311108101900105
219-929,219,929,0.33626742172150964
220-901,220,901,0.42341092653657975
220-902,220,902,0.43286118906682625
220-903,220,903,0.4356078960421098
220-904,220,904,0.4245343141572305
220-905,220,905,0.41543367192575076
220-906,220,906,0.3735536841058716
220-907,220,907,0.34288253297823057
220-908,220,908,0.31139017687726683
220-909,220,909,0.293719511701975
220-910,220,910,0.279401411579573
220-911,220,911,0.2937252815244465
220-912,220,912,0.3197305906972138
220-913,220,913,0.3184978570729083
220-914,220,914,0.34320042248511756
220-915,220,915,0.35348899970768827
220-916,220,916,0.35773142464386326
220-917,220,917,0.35906076040107704
220-918,220,918,0.3661661400677285
220-919,220,919,0.3387926970477938
220-920,220,920,0.305684738911937
220-921,220,921,0.2938061010464735
220-922,220,922,0.270795166639212
220-924,220,924,0.25102793119702277
220-925,220,925,0.254794279385056
220-926,220,926,0.2592297806545958
220-927,220,927,0.30943774894794207
220-928,220,928,0.327320425512211
220-929,220,929,0.33623363206286994
220-930,220,930,0.34533648681273355
221-903,221,903,0.4208251374747417
221-904,221,904,0.42129013494536444
221-905,221,905,0.40360298319887894
221-906,221,906,0.3837455922807287
221-907,221,907,0.3450530886855167
221-908,221,908,0.3211328025556043
221-909,221,909,0.31556949566434117
221-910,221,910,0.3000712613412685
221-911,221,911,0.30838562481147674
221-912,221,912,0.32588353989403923
221-913,221,913,0.333839578107051
221-914,221,914,0.3496602271641342
221-915,221,915,0.35667479652407846
221-916,221,916,0.3547461440613991
221-917,221,917,0.35255725725263326
221-918,221,918,0.3441476182276631
221-919,221,919,0.31403563831590775
221-920,221,920,0.2773046553999417
221-921,221,921,0.26903241168839315
221-922,221,922,0.25438002119292646
221-923,221,923,0.25235319653124627
221-924,221,924,0.25605025203953063
221-925,221,925,0.25845384280181344
221-926,221,926,0.27852476219035155
221-927,221,927,0.293432626352221
221-928,221,928,0.32629444800625346
221-929,221,929,0.3281379125059718
221-930,221,930,0.3297315537315678
222-901,222,901,0.4243209376533388
222-902,222,902,0.4197517711696224
222-903,222,903,0.41853629658036634
222-904,222,904,0.4152586072591569
222-905,222,905,0.37955941913017677
222-906,222,906,0.36695324283257397
222-907,222,907,0.3330799788155029
222-908,222,908,0.3275877055492989
222-909,222,909,0.3060586317766455
222-910,222,910,0.2957962374769361
222-911,222,911,0.3156309107084498
222-912,222,912,0.33407112824569163
222-913,222,913,0.34937529593599037
222-914,222,914,0.3580642875126287
222-916,222,916,0.3584448329224968
222-918,222,918,0.34404300983167235
222-919,222,919,0.3195491812678278
222-920,222,920,0.297340669245628
222-921,222,921,0.26768918353687604
222-922,222,922,0.2631577272128638
222-923,222,923,0.25905677897581186
222-924,222,924,0.2602278317071807
222-925,222,925,0.27158872614487806
222-926,222,926,0.2753394836256772
222-927,222,927,0.32181824850032587
222-928,222,928,0.31316183231859024
222-929,222,929,0.32332242575968584
222-930,222,930,0.31166581781884106
223-901,223,901,0.41117970110706703
223-902,223,902,0.4090246699373121
223-903,223,903,0.3990640925548557
223-904,223,904,0.39256000304390415
223-906,223,906,0.3478041999226788
223-907,223,907,0.3344228715509815
223-908,223,908,0.3249621260800711
223-909,223,909,0.32182514304735566
223-910,223,910,0.29835731308423824
223-911,223,911,0.3393173442629961
223-912,223,912,0.34074123403744644
223-913,223,913,0.351742691030472
223-914,223,914,0.35730889003895433
223-915,223,915,0.36073838729784075
223-916,223,916,0.35555401560816124
223-917,223,917,0.3462248682175329
223-918,223,918,0.3389901238025193
223-919,223,919,0.3115965089144642
223-920,223,920,0.2825672884639163
223-921,223,921,0.26702378184645875
223-922,223,922,0.2620405429341314
223-923,223,923,0.2638003549422088
223-924,223,924,0.265979847376992
223-925,223,925,0.2791892166207584
223-926,223,926,0.32951784230943854
223-927,223,927,0.32770927302802727
223-928,223,928,0.32471285814612233
223-929,223,929,0.3229815612328939
224-901,224,901,0.40337265932511474
224-902,224,902,0.40174060133355605
224-903,224,903,0.383219282168754
224-904,224,904,0.3682455746340186
224-905,224,905,0.3659875358686865
224-906,224,906,0.33339966066675125
224-908,224,908,0.32423064328212237
224-909,224,909,0.3195303933807031
224-910,224,910,0.3085458101619648
224-911,224,911,0.31680101252099685
224-912,224,912,0.3592824287217334
224-913,224,913,0.3567364482540165
224-914,224,914,0.36638777057598404
224-916,224,916,0.3442622727690882
224-917,224,917,0.3380928982440423
224-918,224,918,0.3322389730941808
224-919,224,919,0.30454851449210485
224-920,224,920,0.2857027370645956
224-921,224,921,0.27158267317737605
224-922,224,922,0.2737053684313326
224-923,224,923,0.274758900080135
224-924,224,924,0.28032636254151305
224-925,224,925,0.2997893739124827
224-926,224,926,0.33041338672353404
224-927,224,927,0.32823913124335624
224-928,224,928,0.32594411400431017
224-929,224,929,0.32650456384261556
224-930,224,930,0.3216527579296406
225-901,225,901,0.39967229432180823
225-902,225,902,0.39765751796937554
225-903,225,903,0.3789419209168376
225-904,225,904,0.3681674868391082
225-905,225,905,0.3443782418205351
225-906,225,906,0.32749617201835995
225-907,225,907,0.3244523817548272
225-909,225,909,0.308871173460909
225-910,225,910,0.3044400274525883
225-911,225,911,0.3212498063280837
225-912,225,912,0.33956221851691304
225-913,225,913,0.3555865914303343
225-914,225,914,0.3633505284374763
225-915,225,915,0.3544716555710017
225-917,225,917,0.33021998941541136
225-918,225,918,0.31197983748564506
225-919,225,919,0.2996313454208521
225-920,225,920,0.27941524463645345
225-923,225,923,0.28869665462806743
225-924,225,924,0.29404408271233584
225-925,225,925,0.3040249253973283
225-926,225,926,0.33103062629008523
225-927,225,927,0.3293159407041054
225-929,225,929,0.34268955904324566
225-930,225,930,0.34200038202728483
226-901,226,901,0.3960744249803469
226-902,226,902,0.39053577131133427
226-903,226,903,0.37251223329507005
226-904,226,904,0.36907132372699447
226-905,226,905,0.3485176313902193
226-906,226,906,0.3305754641516179
226-907,226,907,0.3121301231499062
226-908,226,908,0.30792133330439003
226-910,226,910,0.3105378308626825
226-911,226,911,0.32467513110189883
226-912,226,912,0.34339629340748484
226-913,226,913,0.34180218634558523
226-914,226,914,0.35487980376739214
226-915,226,915,0.35530133693702054
226-916,226,916,0.3469322123966628
226-917,226,917,0.32352528156333654
226-918,226,918,0.3079330199001149
226-919,226,919,0.2898463444853004
226-920,226,920,0.2823410147813393
226-921,226,921,0.27783429224925393
226-922,226,922,0.28261191604994435
226-923,226,923,0.29966577547625584
226-924,226,924,0.31722469603062003
226-925,226,925,0.32552528660681673
226-927,226,927,0.3420062537048984
226-930,226,930,0.35690371990477443
227-901,227,901,0.39787712613924997
227-903,227,903,0.3718164457243672
227-904,227,904,0.3673142790682043
227-905,227,905,0.3474549900839133
227-906,227,906,0.310492358887504
227-907,227,907,0.3094926273826977
227-908,227,908,0.29888494921121506
227-910,227,910,0.3129232324829217
227-911,227,911,0.33391504217458756
227-912,227,912,0.3553671001084043
227-913,227,913,0.3507903639165585
227-914,227,914,0.34416860895504425
227-915,227,915,0.36170006641130803
227-916,227,916,0.35106318198212555
227-917,227,917,0.32430273174007573
227-918,227,918,0.31423913436400114
227-919,227,919,0.2973695946486314
227-920,227,920,0.3004274092670608
227-921,227,921,0.29653300360176615
227-922,227,922,0.3004923422694716
227-923,227,923,0.3100554500864038
227-924,227,924,0.3269761199050816
227-925,227,925,0.34586972767030133
227-926,227,926,0.3421166556338552
227-927,227,927,0.34863278447924395
227-928,227,928,0.3538087542371205
227-929,227,929,0.36574823636038883
227-930,227,930,0.3495863813489308
228-902,228,902,0.38131031873463533
228-903,228,903,0.36850709748712307
228-904,228,904,0.3484168023723613
228-905,228,905,0.33002098662903
228-906,228,906,0.29820242911559564
228-907,228,907,0.3009864039353833
228-909,228,909,0.3024626110703564
228-910,228,910,0.310103558424736
228-911,228,911,0.33579106222420546
228-913,228,913,0.3489383546607972
228-914,228,914,0.35767580122815096
228-915,228,915,0.3599616401907254
228-916,228,916,0.3554755075598463
228-917,228,917,0.34407203094172756
228-918,228,918,0.3332820754995177
228-919,228,919,0.31368794425362534
228-920,228,920,0.315365487046122
228-921,228,921,0.3100588844680259
228-922,228,922,0.31092886522362134
228-923,228,923,0.33897757272279966
228-924,228,924,0.3464504111556218
228-925,228,925,0.35728711136452196
228-926,228,926,0.35510297842024025
228-927,228,927,0.36744269134265783
228-928,228,928,0.35632447755896013
228-929,228,929,0.3567311297457168
228-930,228,930,0.34338162420771634
229-901,229,901,0.4027920885485443
229-902,229,902,0.39499783419051215
229-903,229,903,0.3861558069005618
229-904,229,904,0.34020861645632
229-905,229,905,0.3272421844004305
229-906,229,906,0.29658142830589274
229-907,229,907,0.2930600317250405
229-908,229,908,0.2838565259746973
229-909,229,909,0.28166603183443484
229-910,229,910,0.30654289726836625
229-911,229,911,0.32632342291665717
229-912,229,912,0.3411958595018503
229-913,229,913,0.32984943211281953
229-914,229,914,0.336191616987362
229-915,229,915,0.3509371394686616
229-916,229,916,0.35294607794010924
229-917,229,917,0.3353874987153319
229-918,229,918,0.3355013013989635
229-919,229,919,0.3290028956224158
229-921,229,921,0.3255273594204954
229-922,229,922,0.3299046078314634
229-923,229,923,0.3502258198525048
229-924,229,924,0.3583543032622438
229-927,229,927,0.35705698243057177
229-928,229,928,0.34287754384378494
229-929,229,929,0.33515535462062335
229-930,229,930,0.32655008757684806
230-901,230,901,0.40095145737604126
230-902,230,902,0.39684631369101153
230-903,230,903,0.39026456470579796
230-904,230,904,0.38079569206586183
230-905,230,905,0.3245968054336421
230-906,230,906,0.28920639321748265
230-907,230,907,0.2743514199824461
230-909,230,909,0.2729580416421694
230-910,230,910,0.29562388555255037
230-911,230,911,0.29715038207705835
230-912,230,912,0.3057637116436356
230-913,230,913,0.320528069011542
230-914,230,914,0.32597217529343286
230-915,230,915,0.33536864227815694
230-916,230,916,0.35431025569787733
230-917,230,917,0.3386871247865224
230-918,230,918,0.3297938016141416
230-919,230,919,0.32958359919089
230-920,230,920,0.32793300751761006
230-922,230,922,0.33708151523971436
230-923,230,923,0.348080669525441
230-924,230,924,0.35746459020429383
230-925,230,925,0.35953691232718976
230-926,230,926,0.3532875085173326
230-927,230,927,0.33815835679979317
230-928,230,928,0.32498200065953176
230-929,230,929,0.32216919469445937
230-930,230,930,0.31941754302446684
231-901,231,901,0.41964431868594676
231-902,231,902,0.4183644117424877
231-903,231,903,0.39838750986774724
231-904,231,904,0.38926314042361376
231-905,231,905,0.3755557486095856
231-906,231,906,0.31736511245512977
231-907,231,907,0.2729105528874891
231-908,231,908,0.2701785348366261
231-909,231,909,0.2698918423470975
231-910,231,910,0.28251234169381834
231-911,231,911,0.28786568176968663
231-912,231,912,0.29111296181069274
231-913,231,913,0.31272534760591636
231-914,231,914,0.31872138067850647
231-915,231,915,0.33796615742119557
231-916,231,916,0.3499180161260515
231-917,231,917,0.34080927485154555
231-918,231,918,0.3317500328728088
231-919,231,919,0.3299809286131058
231-921,231,921,0.3221971571062757
231-922,231,922,0.3209978710076397
231-923,231,923,0.34721718102637356
231-924,231,924,0.3423723680686897
231-925,231,925,0.3372186520515172
231-926,231,926,0.33771727396622175
231-927,231,927,0.3276762613759065
231-928,231,928,0.3163588892052603
232-901,232,901,0.44726282618892477
232-902,232,902,0.43127317331163606
232-903,232,903,0.4293421384257418
232-904,232,904,0.42217004107003187
232-905,232,905,0.37180104429355126
232-906,232,906,0.3279297043195899
232-907,232,907,0.31160294904367564
232-908,232,908,0.2708596511905403
232-909,232,909,0.26745911069298794
232-912,232,912,0.28495510345196634
232-913,232,913,0.30587358872375786
232-914,232,914,0.31346906079823356
232-915,232,915,0.32080449438202246
232-916,232,916,0.33545234806926644
232-918,232,918,0.3330161196018745
232-919,232,919,0.3251779038008422
232-920,232,920,0.32188114503735665
232-921,232,921,0.3146056718998185
232-922,232,922,0.29951797155756316
232-923,232,923,0.30417555185596407
232-924,232,924,0.31314357641579654
232-925,232,925,0.32542057240618083
232-926,232,926,0.32347060857258325
232-927,232,927,0.320939418197165
232-928,232,928,0.30819185595468407
232-930,232,930,0.30388709671033576
233-901,233,901,0.4571459965389662
233-902,233,902,0.465009855674923
233-903,233,903,0.45079806508713965
233-904,233,904,0.43984527359883385
233-905,233,905,0.39546351291789433
233-906,233,906,0.37377750969628254
233-907,233,907,0.3393348217567867
233-908,233,908,0.2812189200383912
233-909,233,909,0.2765119172065971
233-910,233,910,0.26838012264208405
233-911,233,911,0.26379628660014853
233-912,233,912,0.2637700742827098
233-913,233,913,0.27851336529342263
233-914,233,914,0.28391367479418633
233-915,233,915,0.291494388689664
233-916,233,916,0.30937490385910094
233-917,233,917,0.3177609868945113
233-918,233,918,0.3099995788939894
233-919,233,919,0.30267662667689726
233-920,233,920,0.3044509801170202
233-921,233,921,0.28290780400515164
233-922,233,922,0.2856782087019686
233-923,233,923,0.28174546810785983
233-924,233,924,0.2876603153988668
233-925,233,925,0.30037912899881997
233-926,233,926,0.3155521714213766
233-927,233,927,0.3019554213985104
233-928,233,928,0.29839373981063416
233-929,233,929,0.2948089899121801
233-930,233,930,0.29775609001713743
234-901,234,901,0.4655095591435853
234-902,234,902,0.4796675069764509
234-903,234,903,0.4912265425394384
234-904,234,904,0.4566541665088252
234-905,234,905,0.4125648829602108
234-906,234,906,0.38806827261550786
234-907,234,907,0.36811282744865886
234-908,234,908,0.304250661730604
234-909,234,909,0.2689742921385054
234-910,234,910,0.26760369543531193
234-911,234,911,0.2613362721421376
234-912,234,912,0.2566793543110031
234-913,234,913,0.2763846058493624
234-914,234,914,0.2805929841125383
234-915,234,915,0.2839263062573809
234-916,234,916,0.28633721317740035
234-917,234,917,0.2836300587070922
234-918,234,918,0.2828106767989741
234-919,234,919,0.2843806045963849
234-920,234,920,0.27160369427825504
234-922,234,922,0.2652639416812129
234-923,234,923,0.26970124380977845
234-924,234,924,0.2711511811023622
234-925,234,925,0.26374492581196485
234-926,234,926,0.2765670659408473
234-927,234,927,0.28685114074573487
234-928,234,928,0.28781331634287827
234-929,234,929,0.2987541136630145
234-930,234,930,0.2954635961993578
235-901,235,901,0.46447124013143687
235-902,235,902,0.4880157413574573
235-904,235,904,0.4690760284867214
235-905,235,905,0.4365573519148227
235-906,235,906,0.3968994774754115
235-907,235,907,0.3713031585898977
235-908,235,908,0.30709318430624516
235-909,235,909,0.27219660388866573
235-910,235,910,0.26370055226335154
235-911,235,911,0.25205241483894947
235-912,235,912,0.2528172844132299
235-913,235,913,0.25470808838841613
235-914,235,914,0.27610382058270183
235-916,235,916,0.27883384612932266
235-917,235,917,0.27733293110854124
235-918,235,918,0.2736827399795319
235-919,235,919,0.2596257914514988
235-920,235,920,0.25459991939100435
235-921,235,921,0.24497524455971645
235-922,235,922,0.2548668732032805
235-923,235,923,0.2625577067875854
235-925,235,925,0.26083953031290574
235-926,235,926,0.2712019730608291
235-927,235,927,0.2764853348616469
235-928,235,928,0.28729012686510075
235-929,235,929,0.29687642535250475
235-930,235,930,0.29759712597560795
236-901,236,901,0.46259002953469397
236-902,236,902,0.4740841030746173
236-903,236,903,0.48028147728374043
236-904,236,904,0.4515793266686986
236-905,236,905,0.43518421557942305
236-906,236,906,0.3975893991338333
236-907,236,907,0.3800051720532252
236-908,236,908,0.3125103615426551
236-909,236,909,0.30096414553526807
236-910,236,910,0.2628519231680202
236-911,236,911,0.2475189892462007
236-912,236,912,0.271291159964781
236-913,236,913,0.2676219601532938
236-914,236,914,0.26473896244488515
236-915,236,915,0.2806553031123573
236-916,236,916,0.2710237249192398
236-917,236,917,0.2697659644274742
236-918,236,918,0.25039357021215514
236-919,236,919,0.2484693306729933
236-920,236,920,0.24409835827386903
236-921,236,921,0.24134289626349242
236-922,236,922,0.25717999999999996
236-923,236,923,0.2595639724275427
236-924,236,924,0.2629410262573146
236-925,236,925,0.2667592046004596
236-926,236,926,0.28077659861613113
236-927,236,927,0.2840900908738713
236-928,236,928,0.2907149349846232
236-929,236,929,0.297768994954924
236-930,236,930,0.3033970269959325
237-901,237,901,0.44835949908161127
237-902,237,902,0.45354556507924754
237-903,237,903,0.45286202278661397
237-905,237,905,0.42431477355511565
237-906,237,906,0.38568806128409316
237-907,237,907,0.3679782829461856
237-908,237,908,0.317271067355061
237-909,237,909,0.2998376078579593
237-910,237,910,0.27232181436845015
237-911,237,911,0.27150740534419193
237-912,237,912,0.2643425187711006
237-913,237,913,0.25927582787718445
237-915,237,915,0.26528213704744097
237-916,237,916,0.27179933895856606
237-917,237,917,0.2495914883253192
237-918,237,918,0.24734500464996667
237-921,237,921,0.24132512247579097
237-922,237,922,0.24785226000761695
237-923,237,923,0.25600139449287956
237-925,237,925,0.26634733855493453
237-926,237,926,0.2817914032369872
237-927,237,927,0.2864192865650386
237-928,237,928,0.2900095070533995
237-929,237,929,0.291299717527564
237-930,237,930,0.3004446460966248
238-901,238,901,0.42980118100137993
238-902,238,902,0.4386274347779747
238-903,238,903,0.44397775488223035
238-904,238,904,0.4416495645946662
238-905,238,905,0.4127628981206884
238-906,238,906,0.33282607420461596
238-908,238,908,0.31542983446161105
238-909,238,909,0.26106960035560267
238-910,238,910,0.25999050265285445
238-911,238,911,0.2673747316740192
238-912,238,912,0.27042520482083315
238-913,238,913,0.2729265311354474
238-914,238,914,0.2666445244448022
238-915,238,915,0.28515161970749314
238-916,238,916,0.2757444153828809
238-917,238,917,0.2481916245551807
238-918,238,918,0.256162147442879
238-919,238,919,0.24538025918669104
238-920,238,920,0.24498313977383454
238-922,238,922,0.24126202062443858
238-923,238,923,0.24803949757590774
238-925,238,925,0.26251405420051094
238-926,238,926,0.284062020260984
238-927,238,927,0.29063840926856865
238-928,238,928,0.2954652567888629
238-929,238,929,0.3154610347335766
238-930,238,930,0.31421164676114005
239-902,239,902,0.4297293330884626
239-903,239,903,0.44098905437190533
239-904,239,904,0.40702983415814037
239-905,239,905,0.36526538500804395
239-906,239,906,0.31934453966972165
239-907,239,907,0.31550398801819424
239-908,239,908,0.27474125996058574
239-909,239,909,0.25175541317918104
239-911,239,911,0.263601905639413
239-912,239,912,0.28443547842789974
239-913,239,913,0.30390716712015126
239-914,239,914,0.2936740061691705
239-915,239,915,0.30353979562811767
239-916,239,916,0.2993665109116894
239-917,239,917,0.2921708968431663
239-918,239,918,0.2711381703177723
239-919,239,919,0.2459269027125902
239-920,239,920,0.24438040487314083
239-921,239,921,0.23953381958965078
239-923,239,923,0.2392309336080346
239-924,239,924,0.2539739819030145
239-925,239,925,0.27356617975983355
239-926,239,926,0.2896317223436659
239-927,239,927,0.29793452042969
239-928,239,928,0.3195060571254449
239-929,239,929,0.32056274841702986
239-930,239,930,0.33826969493401915
240-901,240,901,0.42637812676956555
240-902,240,902,0.43565929649848173
240-903,240,903,0.4169887029150582
240-904,240,904,0.41114538615758706
240-905,240,905,0.35694642432960627
240-906,240,906,0.29619117906188747
240-907,240,907,0.27386090741938135
240-908,240,908,0.26664693665120875
240-909,240,909,0.24963758560291094
240-910,240,910,0.2619305884935345
240-911,240,911,0.2797378009648173
240-912,240,912,0.29473064355121487
240-914,240,914,0.30933162634671085
240-915,240,915,0.3179016018698865
240-916,240,916,0.30670110049635296
240-917,240,917,0.3056851205881867
240-918,240,918,0.2832973547587258
240-919,240,919,0.27797204620646027
240-920,240,920,0.2615918584216026
240-921,240,921,0.2471909678493764
240-922,240,922,0.2399583271378999
240-923,240,923,0.23951210862001046
240-924,240,924,0.25456629053566987
240-925,240,925,0.27263934523147226
240-927,240,927,0.31376725550997686
240-929,240,929,0.3386097058865188
240-930,240,930,0.3402865734908932
241-901,241,901,0.39875782516299174
241-902,241,902,0.4091993591519207
241-903,241,903,0.41613592658202336
241-904,241,904,0.3546296231633172
241-905,241,905,0.3113436095670186
241-906,241,906,0.29001220421639284
241-908,241,908,0.2401811591479917
241-909,241,909,0.2262101091563742
241-911,241,911,0.270088142659074
241-912,241,912,0.2985695204894218
241-913,241,913,0.3201645502767017
241-914,241,914,0.31599442316539195
241-915,241,915,0.3092485935171133
241-916,241,916,0.3110602039111225
241-917,241,917,0.3193054081981176
241-918,241,918,0.301800642360496
241-919,241,919,0.287202971281522
241-920,241,920,0.2718462637846327
241-923,241,923,0.26479734567894725
241-924,241,924,0.26050710157037527
241-925,241,925,0.28088230639159617
241-926,241,926,0.3230320131956915
241-927,241,927,0.33205537130602814
241-928,241,928,0.33973259490589414
241-929,241,929,0.34280825512252183
241-930,241,930,0.3436102953396194
242-901,242,901,0.4229294808384392
242-902,242,902,0.429590685081855
242-904,242,904,0.38025183950138186
242-905,242,905,0.32173096966501563
242-906,242,906,0.2582058566717609
242-908,242,908,0.22746348848559816
242-909,242,909,0.2431761369752739
242-910,242,910,0.2406913356829101
242-911,242,911,0.30259106623434734
242-912,242,912,0.31370237820803565
242-913,242,913,0.32114914698583524
242-914,242,914,0.32156420563607013
242-915,242,915,0.34762533889235997
242-916,242,916,0.31947696499084344
242-917,242,917,0.32496298232608023
242-919,242,919,0.29590477622850975
242-920,242,920,0.27746325051437437
242-921,242,921,0.27159900737507026
242-922,242,922,0.27149171819240797
242-923,242,923,0.3021998755593378
242-924,242,924,0.29154219230176115
242-925,242,925,0.3074569437658836
242-926,242,926,0.32623305528352575
242-927,242,927,0.33970704270086316
242-928,242,928,0.35223700275546527
242-929,242,929,0.3514084914117228
242-930,242,930,0.3481504868749566
243-901,243,901,0.3887732251236624
243-902,243,902,0.4006627183183063
243-903,243,903,0.40030674358228024
243-904,243,904,0.3673646941777634
243-905,243,905,0.32346695889712074
243-906,243,906,0.24924633749943362
243-908,243,908,0.2212594956569036
243-909,243,909,0.23881843557066323
243-910,243,910,0.299798249098027
243-911,243,911,0.3043527473964296
243-912,243,912,0.308025309837552
243-913,243,913,0.3114978392069397
243-914,243,914,0.3372759021773976
243-915,243,915,0.3425641848316223
243-916,243,916,0.32530798899150204
243-917,243,917,0.3169149289969924
243-918,243,918,0.30037643720236257
243-919,243,919,0.28485495370738967
243-920,243,920,0.2718376513005712
243-921,243,921,0.2729871718607639
243-922,243,922,0.2841945086235765
243-923,243,923,0.32690813407695263
243-924,243,924,0.32503863736313765
243-925,243,925,0.34858413790436643
243-927,243,927,0.34753997164111855
243-929,243,929,0.35981993376559557
243-930,243,930,0.35174951594920645
244-901,244,901,0.38314282531746596
244-902,244,902,0.38659378782808085
244-903,244,903,0.37691518406576535
244-904,244,904,0.3549504206454491
244-905,244,905,0.3299641907129001
244-906,244,906,0.2755110470128883
244-907,244,907,0.2569817430071418
244-908,244,908,0.2502286436141465
244-909,244,909,0.2778151122176994
244-910,244,910,0.3149630104103905
244-913,244,913,0.3058645444015806
244-914,244,914,0.3325428037309326
244-915,244,915,0.3393261673366269
244-916,244,916,0.32024280471262623
244-917,244,917,0.28849629798984844
244-918,244,918,0.2845610231604486
244-919,244,919,0.2872125964568962
244-922,244,922,0.33283501845496627
244-924,244,924,0.36952419272967996
244-925,244,925,0.3563150397375754
244-926,244,926,0.3550526350996343
244-928,244,928,0.36200704719873483
244-929,244,929,0.3574614381324651
244-930,244,930,0.3522504134026682
245-901,245,901,0.3792171049581344
245-902,245,902,0.36486786265245874
245-903,245,903,0.3671375097897593
245-904,245,904,0.37160216036085736
245-905,245,905,0.37096218658306884
245-906,245,906,0.315900427963162
245-907,245,907,0.2855744952053355
245-909,245,909,0.29094743192406924
245-910,245,910,0.31578846334327904
245-912,245,912,0.3121860203126635
245-913,245,913,0.3020155840357572
245-914,245,914,0.3334687710738646
245-915,245,915,0.31632073153644735
245-916,245,916,0.31540423833781195
245-917,245,917,0.2825171449246341
245-918,245,918,0.30323401843266035
245-919,245,919,0.3069780764124547
245-920,245,920,0.3031666070577818
245-921,245,921,0.31542065256967106
245-922,245,922,0.3472426145055412
245-924,245,924,0.3644552722376135
245-925,245,925,0.3659089822278624
245-926,245,926,0.366515631755839
245-927,245,927,0.36969853460685603
245-928,245,928,0.3684402303742158
245-929,245,929,0.3534095606544262
245-930,245,930,0.350850749862541
246-901,246,901,0.3912394104530943
246-902,246,902,0.36291694985911455
246-903,246,903,0.37065243754508026
246-904,246,904,0.39291965895980446
246-906,246,906,0.3676395838225325
246-907,246,907,0.311230538117395
246-908,246,908,0.3165870525398301
246-909,246,909,0.2934354255343765
246-910,246,910,0.30926599464534765
246-911,246,911,0.31993902938543484
246-912,246,912,0.3150811282477
246-913,246,913,0.30690167652728273
246-914,246,914,0.3365570521816448
246-915,246,915,0.3169980097889563
246-916,246,916,0.3150853050965632
246-917,246,917,0.2931627276152273
246-918,246,918,0.3185538535740753
246-919,246,919,0.3162251078070438
246-920,246,920,0.3205655059301768
246-921,246,921,0.3316774001167653
246-922,246,922,0.35059490539865434
246-924,246,924,0.3618794987668096
246-925,246,925,0.3690929370978173
246-926,246,926,0.3651292176918632
246-927,246,927,0.3699563910849307
246-928,246,928,0.37054811141844607
246-929,246,929,0.35964292009981347
246-930,246,930,0.35910704087194023
